{"cameraMode":{"drawMode":0,"name":"Shaded","section":"Shading Mode"},"sceneLighting":false,"audioPlay":false,"sceneViewState":{"showFog":false,"showMaterialUpdate":false,"showSkybox":false,"showFlares":false,"showImageEffects":false,"showParticleSystems":false},"in2DMode":false,"pivot":{"x":207.63284301757813,"y":65.23783874511719,"z":317.74981689453127},"rotation":{"x":-0.0004305657639633864,"y":0.9990536570549011,"z":0.010179136879742146,"w":0.04228543862700462},"size":745.552734375,"orthographic":false}