{"cameraMode":{"drawMode":0,"name":"Shaded","section":"Shading Mode"},"sceneLighting":false,"audioPlay":false,"sceneViewState":{"showFog":false,"showMaterialUpdate":false,"showSkybox":false,"showFlares":false,"showImageEffects":false,"showParticleSystems":false},"in2DMode":false,"pivot":{"x":1.0000076293945313,"y":-319.0,"z":-15.899999618530274},"rotation":{"x":0.028246793895959855,"y":-0.9646679162979126,"z":0.23485371470451356,"w":0.11602448672056198},"size":744.5301513671875,"orthographic":false}