{"cameraMode":{"drawMode":0,"name":"Shaded","section":"Shading Mode"},"sceneLighting":false,"audioPlay":false,"sceneViewState":{"showFog":false,"showMaterialUpdate":false,"showSkybox":false,"showFlares":false,"showImageEffects":false,"showParticleSystems":false},"in2DMode":false,"pivot":{"x":54.444244384765628,"y":91.25531005859375,"z":-91.98774719238281},"rotation":{"x":-0.0895896628499031,"y":0.0035836256574839355,"z":-0.0003230234142392874,"w":-0.9959722757339478},"size":1012.837890625,"orthographic":false}