{"cameraMode":{"drawMode":0,"name":"Shaded","section":"Shading Mode"},"sceneLighting":false,"audioPlay":false,"sceneViewState":{"showFog":false,"showMaterialUpdate":false,"showSkybox":false,"showFlares":false,"showImageEffects":false,"showParticleSystems":false},"in2DMode":false,"pivot":{"x":15.327606201171875,"y":-107.33480834960938,"z":-336.63970947265627},"rotation":{"x":0.047954365611076358,"y":-0.9470885992050171,"z":0.2685595154762268,"w":0.16911377012729646},"size":888.8759155273438,"orthographic":false}